{"good": 1, "great": 1.2, "excellent": 1.5, "happy": 1, "bad": -1, "terrible": -1.5, "sad": -1, "horrible": -1.3, "goodness": 0.9, "commodity": 0.9, "trade good": 0.9, "full": 0.9, "estimable": 0.9, "honorable": 0.9, "respectable": 0.9, "beneficial": 0.9, "just": 0.9, "upright": 0.9, "adept": 0.9, "expert": 0.9, "practiced": 0.9, "proficient": 0.9, "skillful": 0.9, "skilful": 0.9, "dear": 0.9, "near": 0.9, "dependable": 0.9, "safe": 0.9, "secure": 0.9, "right": 0.9, "ripe": 0.9, "well": 0.9, "effective": 0.9, "in effect": 0.9, "in force": 0.9, "serious": 0.9, "sound": 0.9, "salutary": 0.9, "honest": 0.9, "undecomposed": 0.9, "unspoiled": 0.9, "unspoilt": 0.9, "thoroughly": 0.9, "soundly": 0.9, "outstanding": 1.08, "bang-up": 1.08, "bully": 1.08, "corking": 1.08, "cracking": 1.08, "dandy": 1.08, "groovy": 1.08, "keen": 1.08, "neat": 1.08, "nifty": 1.08, "not bad": 1.08, "peachy": 1.08, "slap-up": 1.08, "swell": 1.08, "smashing": 1.08, "capital": 1.08, "majuscule": 1.08, "big": 1.08, "enceinte": 1.08, "expectant": 1.08, "gravid": 1.08, "large": 1.08, "heavy": 1.08, "with child": 1.08, "first-class": 1.35, "fantabulous": 1.35, "splendid": 1.35, "felicitous": 0.9, "glad": 0.9, "well-chosen": 0.9, "badness": -0.9, "tough": -0.9, "spoiled": -0.9, "spoilt": -0.9, "regretful": -0.9, "sorry": -0.9, "uncollectible": -0.9, "risky": -0.9, "high-risk": -0.9, "speculative": -0.9, "unfit": -0.9, "unsound": -0.9, "forged": -0.9, "defective": -0.9, "badly": -0.9, "awful": -1.35, "dire": -1.35, "direful": -1.35, "dread": -1.35, "dreaded": -1.35, "dreadful": -1.35, "fearful": -1.35, "fearsome": -1.35, "frightening": -1.35, "horrendous": -1.35, "horrific": -1.35, "atrocious": -1.35, "abominable": -1.35, "painful": -1.35, "unspeakable": -1.35, "severe": -1.35, "wicked": -1.35, "frightful": -1.35, "tremendous": -1.35, "deplorable": -0.9, "distressing": -0.9, "lamentable": -0.9, "pitiful": -0.9, "horrifying": -1.1700000000000002, "ugly": -1.1700000000000002, "tablet": 136.94, "love": 130.48, "use": 121.89, "easy": 117.36, "bought": 92.65, "loves": 87.71, "kindle": 82.86, "one": 81.07, "echo": 77.66, "product": 76.9}